<?xml version="1.0" encoding="UTF-8" standalone="no"?>
<ProductCatalog>
  <accessory>
    <id>1</id>
    <image>images\accessory\chargecable.jpg</image>
    <name>Samsung charging cable</name>
    <condition>10%</condition>
    <price>75</price>
    <retailer>Samsung</retailer>
	<manufacturer>Samsung</manufacturer>
	<RETAILER_DISCOUNT>10</RETAILER_DISCOUNT>
	<MANUFACTURER_REBATE>10</MANUFACTURER_REBATE>
	<QUANTITY>4</QUANTITY>
	<CATEGORY>Accessory</CATEGORY>
	<PRODCONDITION>New</PRODCONDITION>
	<SALE>Yes</SALE>
  </accessory>
  <accessory>
    <id>2</id>
    <image>images\accessory\headphone1.jpg</image>
    <name>Beats Headphone</name>
    <condition>-</condition>
    <price>600</price>
    <retailer>Beats</retailer>
	<manufacturer>Beats</manufacturer>
	<RETAILER_DISCOUNT>20</RETAILER_DISCOUNT>
	<MANUFACTURER_REBATE>0</MANUFACTURER_REBATE>
	<QUANTITY>10</QUANTITY>
	<CATEGORY>Accessory</CATEGORY>
	<PRODCONDITION>New</PRODCONDITION>
	<SALE>No</SALE>
  </accessory>
  <accessory>
    <id>3</id>
    <image>images\accessory\headphone2.jpg</image>
    <name>Headphone V20</name>
    <condition>15%</condition>
    <price>50</price>
    <retailer>V20</retailer>
	<manufacturer>V20</manufacturer>
	<RETAILER_DISCOUNT>30</RETAILER_DISCOUNT>
	<MANUFACTURER_REBATE>6</MANUFACTURER_REBATE>
	<QUANTITY>10</QUANTITY>
	<CATEGORY>Accessory</CATEGORY>
	<PRODCONDITION>New</PRODCONDITION>
	<SALE>Yes</SALE>
  </accessory>
  <accessory>
    <id>4</id>
    <image>images\accessory\honor.jpg</image>
    <name>Honor Powerbank</name>
    <condition>10%</condition>
    <price>30</price>
    <retailer>Honor</retailer>
	<manufacturer>HONOR</manufacturer>
	<RETAILER_DISCOUNT>20</RETAILER_DISCOUNT>
	<MANUFACTURER_REBATE>20</MANUFACTURER_REBATE>
	<QUANTITY>12</QUANTITY>
	<CATEGORY>Accessory</CATEGORY>
	<PRODCONDITION>New</PRODCONDITION>
	<SALE>No</SALE>
  </accessory>
  <accessory>
    <id>5</id>
    <image>images\accessory\mousepad.jpg</image>
    <name>Mousepad Blue Color</name>
    <condition>-</condition>
    <price>45</price>
    <retailer>Smart Deal</retailer>
	<manufacturer>Smart Deal</manufacturer>
	<RETAILER_DISCOUNT>10</RETAILER_DISCOUNT>
	<MANUFACTURER_REBATE>30</MANUFACTURER_REBATE>
	<QUANTITY>4</QUANTITY>
	<CATEGORY>Accessory</CATEGORY>
	<PRODCONDITION>New</PRODCONDITION>
	<SALE>Yes</SALE>
  </accessory>

</ProductCatalog>
