<?xml version="1.0" encoding="UTF-8" standalone="no"?>
<ProductCatalog>
  <externalstorage>
    <id>6</id>
    <image>images\externalstorage\seagate_expansion.JPG</image>
    <name>Seagate Expansion</name>
    <condition>15%</condition>
    <price>150</price>
    <retailer>Seagate</retailer>
	<manufacturer>Seagate</manufacturer>
	<RETAILER_DISCOUNT>0</RETAILER_DISCOUNT>
	<MANUFACTURER_REBATE>5</MANUFACTURER_REBATE>
	<QUANTITY>1</QUANTITY>
	<CATEGORY>ExternalStorage</CATEGORY>
	<PRODCONDITION>New</PRODCONDITION>
	<SALE>Yes</SALE>
  </externalstorage>
  <externalstorage>
    <id>7</id>
    <image>images\externalstorage\iphone.JPG</image>
    <name>USB Flash Drive for iPhone</name>
    <condition>10%</condition>
    <price>100</price>
    <retailer>iphone</retailer>
	<manufacturer>Apple</manufacturer>
	<RETAILER_DISCOUNT>0</RETAILER_DISCOUNT>
	<MANUFACTURER_REBATE>5</MANUFACTURER_REBATE>
	<QUANTITY>1</QUANTITY>
	<CATEGORY>ExternalStorage</CATEGORY>
	<PRODCONDITION>New</PRODCONDITION>
	<SALE>Yes</SALE>
  </externalstorage>
  <externalstorage>
    <id>8</id>
    <image>images\externalstorage\sandisk.JPG</image>
    <name>Sandisk Memory Card 32GB</name>
    <condition>11%</condition>
    <price>40</price>
    <retailer>Sandisk</retailer>
	<manufacturer>Sandisk</manufacturer>
	<RETAILER_DISCOUNT>0</RETAILER_DISCOUNT>
	<MANUFACTURER_REBATE>10</MANUFACTURER_REBATE>
	<QUANTITY>10</QUANTITY>
	<CATEGORY>ExternalStorage</CATEGORY>
	<PRODCONDITION>New</PRODCONDITION>
	<SALE>Yes</SALE>
  </externalstorage>
  <externalstorage>
    <id>9</id>
    <image>images\externalstorage\samsung.JPG</image>
    <name>Samsung Memory Card</name>
    <condition>12%</condition>
    <price>30</price>
    <retailer>Samsung</retailer>
	<manufacturer>Samsung</manufacturer>
	<RETAILER_DISCOUNT>0</RETAILER_DISCOUNT>
	<MANUFACTURER_REBATE>3</MANUFACTURER_REBATE>
	<QUANTITY>6</QUANTITY>
	<CATEGORY>ExternalStorage</CATEGORY>
	<PRODCONDITION>New</PRODCONDITION>
	<SALE>Yes</SALE>
  </externalstorage>
  <externalstorage>
    <id>10</id>
    <image>images\externalstorage\toshiba.JPG</image>
    <name>TOSHIBA</name>
    <condition>2%</condition>
    <price>100</price>
    <retailer>TOSHIBA</retailer>
	<manufacturer>TOSHIBA</manufacturer>
	<RETAILER_DISCOUNT>0</RETAILER_DISCOUNT>
	<MANUFACTURER_REBATE>10</MANUFACTURER_REBATE>
	<QUANTITY>1</QUANTITY>
	<CATEGORY>ExternalStorage</CATEGORY>
	<PRODCONDITION>Old</PRODCONDITION>
	<SALE>Yes</SALE>
  </externalstorage>
  <externalstorage>
    <id>11</id>
    <image>images\externalstorage\gting.JPG</image>
    <name>G-TING USB</name>
    <condition>9%</condition>
    <price>40</price>
    <retailer>Smart Portables</retailer>
	<manufacturer>Smart Portables</manufacturer>
	<RETAILER_DISCOUNT>0</RETAILER_DISCOUNT>
	<MANUFACTURER_REBATE>4</MANUFACTURER_REBATE>
	<QUANTITY>1</QUANTITY>
	<CATEGORY>ExternalStorage</CATEGORY>
	<PRODCONDITION>New</PRODCONDITION>
	<SALE>No</SALE>
  </externalstorage>
  <externalstorage>
    <id>12</id>
    <image>images\externalstorage\iphoneusb.JPG</image>
    <name>iPhone USB </name>
    <condition>23%</condition>
    <price>100</price>
    <retailer>iPhone</retailer>
	<manufacturer>Apple</manufacturer>
	<RETAILER_DISCOUNT>10</RETAILER_DISCOUNT>
	<MANUFACTURER_REBATE>0</MANUFACTURER_REBATE>
	<QUANTITY>1</QUANTITY>
	<CATEGORY>ExternalStorage</CATEGORY>
	<PRODCONDITION>Old</PRODCONDITION>
	<SALE>No</SALE>
  </externalstorage>
  <externalstorage>
    <id>13</id>
    <image>images\externalstorage\wd.JPG</image>
    <name>WD HDD </name>
    <condition>3%</condition>
    <price>40</price>
    <retailer>WD</retailer>
	<manufacturer>WD</manufacturer>
	<RETAILER_DISCOUNT>0</RETAILER_DISCOUNT>
	<MANUFACTURER_REBATE>0</MANUFACTURER_REBATE>
	<QUANTITY>20</QUANTITY>
	<CATEGORY>ExternalStorage</CATEGORY>
	<PRODCONDITION>Old</PRODCONDITION>
	<SALE>Yes</SALE>
  </externalstorage>
  <externalstorage>
    <id>14</id>
    <image>images\externalstorage\silicon.JPG</image>
    <name>Silicon </name>
    <condition>13%</condition>
    <price>80</price>
    <retailer>Silicon Power</retailer>
	<manufacturer>Silicon</manufacturer>
	<RETAILER_DISCOUNT>0</RETAILER_DISCOUNT>
	<MANUFACTURER_REBATE>10</MANUFACTURER_REBATE>
	<QUANTITY>3</QUANTITY>
	<CATEGORY>ExternalStorage</CATEGORY>
	<PRODCONDITION>Old</PRODCONDITION>
	<SALE>Yes</SALE>
  </externalstorage>
  <externalstorage>
    <id>15</id>
    <image>images\externalstorage\toshiba.JPG</image>
    <name>TOSHIBA 2 HDD </name>
    <condition>23%</condition>
    <price>100</price>
    <retailer>TOSHIBA</retailer>
	<manufacturer>TOSHIBA</manufacturer>
	<RETAILER_DISCOUNT>0</RETAILER_DISCOUNT>
	<MANUFACTURER_REBATE>40</MANUFACTURER_REBATE>
	<QUANTITY>1</QUANTITY>
	<CATEGORY>ExternalStorage</CATEGORY>
	<PRODCONDITION>New</PRODCONDITION>
	<SALE>Yes</SALE>
  </externalstorage>
  
</ProductCatalog>
