<?xml version="1.0" encoding="UTF-8" standalone="no"?>
<ProductCatalog>
  <Headphones>
    <id>22</id>
    <image>images\headphones\ally.JPG</image>
    <name>Ally</name>
    <price>153.0</price>
    <retailer>Ally</retailer>
    <manufacturer>Ally</manufacturer>
    <MANUFACTURER_REBATE>10.0</MANUFACTURER_REBATE>
    <QUANTITY>10</QUANTITY>
    <RETAILER_DISCOUNT>0.0</RETAILER_DISCOUNT>
    <SALE>Yes</SALE>
    <CATEGORY>Headphones</CATEGORY>
    <PRODCONDITION>New</PRODCONDITION>
  </Headphones>
  <Headphones>
    <id>23</id>
    <image>images\headphones\panasonic.JPG</image>
    <name>Panasonic</name>
    <price>123.0</price>
    <retailer>Panasonic</retailer>
    <manufacturer>Panasonic</manufacturer>
    <MANUFACTURER_REBATE>10.0</MANUFACTURER_REBATE>
    <QUANTITY>1</QUANTITY>
    <RETAILER_DISCOUNT>0.0</RETAILER_DISCOUNT>
    <SALE>Yes</SALE>
    <CATEGORY>Headphones</CATEGORY>
    <PRODCONDITION>Old</PRODCONDITION>
  </Headphones>
  <Headphones>
    <id>24</id>
    <image>images\headphones\ipx7.JPG</image>
    <name>IPX7</name>
    <price>100.0</price>
    <retailer>IPX7</retailer>
    <manufacturer>IPX7</manufacturer>
    <MANUFACTURER_REBATE>5.0</MANUFACTURER_REBATE>
    <QUANTITY>2</QUANTITY>
    <RETAILER_DISCOUNT>0.0</RETAILER_DISCOUNT>
    <SALE>No</SALE>
    <CATEGORY>Headphones</CATEGORY>
    <PRODCONDITION>New</PRODCONDITION>
  </Headphones>
  <Headphones>
    <id>25</id>
    <image>images\headphones\sony.JPG</image>
    <name>Sony 2</name>
    <price>130.0</price>
    <retailer>Sony</retailer>
    <manufacturer>Sony</manufacturer>
    <MANUFACTURER_REBATE>0.0</MANUFACTURER_REBATE>
    <QUANTITY>10</QUANTITY>
    <RETAILER_DISCOUNT>0.0</RETAILER_DISCOUNT>
    <SALE>Yes</SALE>
    <CATEGORY>Headphones</CATEGORY>
    <PRODCONDITION>New</PRODCONDITION>
  </Headphones>
  <Headphones>
    <id>16</id>
    <image>images\headphones\sony_head.JPG</image>
    <name>Sony headphones</name>
    <price>250.0</price>
    <retailer>Sony</retailer>
    <manufacturer>Sony</manufacturer>
    <MANUFACTURER_REBATE>20.0</MANUFACTURER_REBATE>
    <QUANTITY>10</QUANTITY>
    <RETAILER_DISCOUNT>0.0</RETAILER_DISCOUNT>
    <SALE>Yes</SALE>
    <CATEGORY>Headphones</CATEGORY>
    <PRODCONDITION>New</PRODCONDITION>
  </Headphones>
  <Headphones>
    <id>17</id>
    <image>images\headphones\sennheiser.JPG</image>
    <name>Sennheiser</name>
    <price>300.0</price>
    <retailer>Sennheiser</retailer>
    <manufacturer>Sennheiser</manufacturer>
    <MANUFACTURER_REBATE>5.0</MANUFACTURER_REBATE>
    <QUANTITY>10</QUANTITY>
    <RETAILER_DISCOUNT>0.0</RETAILER_DISCOUNT>
    <SALE>Yes</SALE>
    <CATEGORY>Headphones</CATEGORY>
    <PRODCONDITION>Old</PRODCONDITION>
  </Headphones>
  <Headphones>
    <id>18</id>
    <image>images\headphones\grado.JPG</image>
    <name>Grado headphones 2016</name>
    <price>570.0</price>
    <retailer>Grado</retailer>
    <manufacturer>Grado</manufacturer>
    <MANUFACTURER_REBATE>0.0</MANUFACTURER_REBATE>
    <QUANTITY>1</QUANTITY>
    <RETAILER_DISCOUNT>0.0</RETAILER_DISCOUNT>
    <SALE>No</SALE>
    <CATEGORY>Headphones</CATEGORY>
    <PRODCONDITION>New</PRODCONDITION>
  </Headphones>
  <Headphones>
    <id>19</id>
    <image>images\headphones\sony.JPG</image>
    <name>Sony</name>
    <price>50.0</price>
    <retailer>Sony</retailer>
    <manufacturer>Sony</manufacturer>
    <MANUFACTURER_REBATE>10.0</MANUFACTURER_REBATE>
    <QUANTITY>11</QUANTITY>
    <RETAILER_DISCOUNT>0.0</RETAILER_DISCOUNT>
    <SALE>Yes</SALE>
    <CATEGORY>Headphones</CATEGORY>
    <PRODCONDITION>New</PRODCONDITION>
  </Headphones>
  <Headphones>
    <id>61</id>
    <image>#</image>
    <name>new product </name>
    <price>200.0</price>
    <retailer>new Retailer</retailer>
    <manufacturer>new Manufacturer</manufacturer>
    <MANUFACTURER_REBATE>2.0</MANUFACTURER_REBATE>
    <QUANTITY>2</QUANTITY>
    <RETAILER_DISCOUNT>10.0</RETAILER_DISCOUNT>
    <SALE>yes</SALE>
    <CATEGORY>headphones</CATEGORY>
    <PRODCONDITION>new</PRODCONDITION>
  </Headphones>
  <Headphones>
    <id>20</id>
    <image>images\headphones\nobel.JPG</image>
    <name>Noble</name>
    <price>150.0</price>
    <retailer>Noble</retailer>
    <manufacturer>Noble</manufacturer>
    <MANUFACTURER_REBATE>10.0</MANUFACTURER_REBATE>
    <QUANTITY>10</QUANTITY>
    <RETAILER_DISCOUNT>0.0</RETAILER_DISCOUNT>
    <SALE>No</SALE>
    <CATEGORY>Headphones</CATEGORY>
    <PRODCONDITION>Old</PRODCONDITION>
  </Headphones>
  <Headphones>
    <id>21</id>
    <image>images\headphones\ifetta.JPG</image>
    <name>iFetta</name>
    <price>44.0</price>
    <retailer>iFetta</retailer>
    <manufacturer>iFetta</manufacturer>
    <MANUFACTURER_REBATE>0.0</MANUFACTURER_REBATE>
    <QUANTITY>17</QUANTITY>
    <RETAILER_DISCOUNT>0.0</RETAILER_DISCOUNT>
    <SALE>No</SALE>
    <CATEGORY>Headphones</CATEGORY>
    <PRODCONDITION>New</PRODCONDITION>
  </Headphones>
</ProductCatalog>
