<?xml version="1.0" encoding="UTF-8"?>
<ProductCatalog>
    <laptop>
		<id>26</id>
		<name>Apple Mac Book Latest</name>
		<retailer>Best Deal</retailer>
        <image>images\laptop\apple.jpg</image>        
        <condition>10%</condition>
        <price>750</price>    
		<manufacturer>Apple</manufacturer>
		<RETAILER_DISCOUNT>0</RETAILER_DISCOUNT>
		<MANUFACTURER_REBATE>12</MANUFACTURER_REBATE>
		<QUANTITY>1</QUANTITY>
		<CATEGORY>Laptop</CATEGORY>
		<PRODCONDITION>New</PRODCONDITION>
		<SALE>No</SALE>
    </laptop>
	<laptop>
		<id>27</id>
		<name>Dell 250 GB</name>
		<retailer>Best Deal</retailer>
        <image>images\laptop\dell.jpg</image>        
        <condition>-</condition>
        <price>600</price>    
		<manufacturer>Dell</manufacturer>
		<RETAILER_DISCOUNT>0</RETAILER_DISCOUNT>
		<MANUFACTURER_REBATE>10</MANUFACTURER_REBATE>
		<QUANTITY>1</QUANTITY>
		<CATEGORY>Laptop</CATEGORY>
		<PRODCONDITION>New</PRODCONDITION>
		<SALE>Yes</SALE>
    </laptop>
	<laptop>
		<id>28</id>
		<name>Chrome Book</name>
		<retailer>Best Deal</retailer>
        <image>images\laptop\google.jpg</image>        
        <condition>2%</condition>
        <price>500</price>    
		<manufacturer>Chrome</manufacturer>
		<RETAILER_DISCOUNT>0</RETAILER_DISCOUNT>
		<MANUFACTURER_REBATE>0</MANUFACTURER_REBATE>
		<QUANTITY>7</QUANTITY>
		<CATEGORY>Laptop</CATEGORY>
		<PRODCONDITION>Old</PRODCONDITION>
		<SALE>No</SALE>
    </laptop>
	<laptop>
		<id>29</id>
		<name>Lenovo Y series</name>
		<retailer>Best Deal</retailer>
        <image>images\laptop\lenovo.jpg</image>        
        <condition>40%</condition>
        <price>300</price>    
		<manufacturer>Best Deal</manufacturer>
		<RETAILER_DISCOUNT>0</RETAILER_DISCOUNT>
		<MANUFACTURER_REBATE>20</MANUFACTURER_REBATE>
		<QUANTITY>1</QUANTITY>
		<CATEGORY>Laptop</CATEGORY>
		<PRODCONDITION>New</PRODCONDITION>
		<SALE>Yes</SALE>
    </laptop>
	<laptop>
		<id>30</id>
		<name>Samsung galaxy</name>
		<retailer>Best Deal</retailer>
        <image>images\laptop\samsung.jpg</image>        
        <condition>20%</condition>
        <price>450</price> 
		<manufacturer>Samsung</manufacturer>
		<RETAILER_DISCOUNT>0</RETAILER_DISCOUNT>
		<MANUFACTURER_REBATE>20</MANUFACTURER_REBATE>
		<QUANTITY>1</QUANTITY>
		<CATEGORY>Laptop</CATEGORY>
		<PRODCONDITION>Old</PRODCONDITION>
		<SALE>Yes</SALE>
    </laptop>
</ProductCatalog>