<?xml version="1.0" encoding="UTF-8" standalone="no"?>
<ProductCatalog>
  <Phone>
    <id>33</id>
    <image>images\phone\3.jpg</image>
    <name>Nexus 6P</name>
    <price>700.0</price>
    <retailer>Smart Portables</retailer>
    <manufacturer>Smart Portables</manufacturer>
    <MANUFACTURER_REBATE>20.0</MANUFACTURER_REBATE>
    <QUANTITY>5</QUANTITY>
    <RETAILER_DISCOUNT>0.0</RETAILER_DISCOUNT>
    <SALE>No</SALE>
    <CATEGORY>Phone</CATEGORY>
    <PRODCONDITION>Old</PRODCONDITION>
  </Phone>
  <Phone>
    <id>34</id>
    <image>images\phone\4.jpg</image>
    <name>Lumia 950 XL</name>
    <price>600.0</price>
    <retailer>Smart Portables</retailer>
    <manufacturer>Smart Portables</manufacturer>
    <MANUFACTURER_REBATE>0.0</MANUFACTURER_REBATE>
    <QUANTITY>6</QUANTITY>
    <RETAILER_DISCOUNT>0.0</RETAILER_DISCOUNT>
    <SALE>No</SALE>
    <CATEGORY>Phone</CATEGORY>
    <PRODCONDITION>New</PRODCONDITION>
  </Phone>
  <Phone>
    <id>35</id>
    <image>images\phone\5.jpg</image>
    <name>iPhone 6S</name>
    <price>550.0</price>
    <retailer>Smart Portables</retailer>
    <manufacturer>Smart Portables</manufacturer>
    <MANUFACTURER_REBATE>0.0</MANUFACTURER_REBATE>
    <QUANTITY>1</QUANTITY>
    <RETAILER_DISCOUNT>0.0</RETAILER_DISCOUNT>
    <SALE>Yes</SALE>
    <CATEGORY>Phone</CATEGORY>
    <PRODCONDITION>Old</PRODCONDITION>
  </Phone>
  <Phone>
    <id>36</id>
    <image>images\phone\dooge.JPG</image>
    <name>Dooge</name>
    <price>550.0</price>
    <retailer>Dooge</retailer>
    <manufacturer>Dooge</manufacturer>
    <MANUFACTURER_REBATE>30.0</MANUFACTURER_REBATE>
    <QUANTITY>18</QUANTITY>
    <RETAILER_DISCOUNT>0.0</RETAILER_DISCOUNT>
    <SALE>No</SALE>
    <CATEGORY>Phone</CATEGORY>
    <PRODCONDITION>Old</PRODCONDITION>
  </Phone>
  <Phone>
    <id>37</id>
    <image>images\phone\LeEco.JPG</image>
    <name>LeEco</name>
    <price>550.0</price>
    <retailer>SPhones3</retailer>
    <manufacturer>Smart Portables</manufacturer>
    <MANUFACTURER_REBATE>50.0</MANUFACTURER_REBATE>
    <QUANTITY>1</QUANTITY>
    <RETAILER_DISCOUNT>0.0</RETAILER_DISCOUNT>
    <SALE>Yes</SALE>
    <CATEGORY>Phone</CATEGORY>
    <PRODCONDITION>Old</PRODCONDITION>
  </Phone>
  <Phone>
    <id>38</id>
    <image>images\phone\htc.JPG</image>
    <name>HTC</name>
    <price>550.0</price>
    <retailer>HTC</retailer>
    <manufacturer>HTC</manufacturer>
    <MANUFACTURER_REBATE>10.0</MANUFACTURER_REBATE>
    <QUANTITY>1</QUANTITY>
    <RETAILER_DISCOUNT>0.0</RETAILER_DISCOUNT>
    <SALE>Yes</SALE>
    <CATEGORY>Phone</CATEGORY>
    <PRODCONDITION>New</PRODCONDITION>
  </Phone>
  <Phone>
    <id>31</id>
    <image>images\phone\1.jpg</image>
    <name>iPhone 7 32GB Model</name>
    <price>650.0</price>
    <retailer>Smart Portables</retailer>
    <manufacturer>Apple</manufacturer>
    <MANUFACTURER_REBATE>3.0</MANUFACTURER_REBATE>
    <QUANTITY>10</QUANTITY>
    <RETAILER_DISCOUNT>0.0</RETAILER_DISCOUNT>
    <SALE>Yes</SALE>
    <CATEGORY>Phone</CATEGORY>
    <PRODCONDITION>New</PRODCONDITION>
  </Phone>
  <Phone>
    <id>32</id>
    <image>images\phone\2.jpg</image>
    <name>Samsung Galaxy S7 edge</name>
    <price>700.0</price>
    <retailer>Smart Portables</retailer>
    <manufacturer>Smart Portables</manufacturer>
    <MANUFACTURER_REBATE>30.0</MANUFACTURER_REBATE>
    <QUANTITY>5</QUANTITY>
    <RETAILER_DISCOUNT>0.0</RETAILER_DISCOUNT>
    <SALE>Yes</SALE>
    <CATEGORY>Phone</CATEGORY>
    <PRODCONDITION>New</PRODCONDITION>
  </Phone>
</ProductCatalog>
