<?xml version="1.0" encoding="UTF-8" standalone="no"?>
<ProductCatalog>
  <SmartWatch>
    <id>45</id>
    <image>images\smartwatches\cnpgd.JPG</image>
    <name>CNPGD 2</name>
    <price>280.0</price>
    <retailer>CNPGD</retailer>
    <manufacturer>Beats</manufacturer>
    <MANUFACTURER_REBATE>0.0</MANUFACTURER_REBATE>
    <QUANTITY>8</QUANTITY>
    <RETAILER_DISCOUNT>0.0</RETAILER_DISCOUNT>
    <SALE>Yes</SALE>
    <CATEGORY>SmartWatch</CATEGORY>
    <PRODCONDITION>Old</PRODCONDITION>
  </SmartWatch>
  <SmartWatch>
    <id>46</id>
    <image>images\smartwatches\coffea.JPG</image>
    <name>Coffea 5</name>
    <price>180.0</price>
    <retailer>Coffea</retailer>
    <manufacturer>Coffea</manufacturer>
    <MANUFACTURER_REBATE>6.0</MANUFACTURER_REBATE>
    <QUANTITY>10</QUANTITY>
    <RETAILER_DISCOUNT>10.0</RETAILER_DISCOUNT>
    <SALE>Yes</SALE>
    <CATEGORY>SmartWatch</CATEGORY>
    <PRODCONDITION>New</PRODCONDITION>
  </SmartWatch>
  <SmartWatch>
    <id>47</id>
    <image>images\smartwatches\fitbit.JPG</image>
    <name>Fitbit 2</name>
    <price>345.0</price>
    <retailer>Fitbit</retailer>
    <manufacturer>Fitbit</manufacturer>
    <MANUFACTURER_REBATE>10.0</MANUFACTURER_REBATE>
    <QUANTITY>5</QUANTITY>
    <RETAILER_DISCOUNT>0.0</RETAILER_DISCOUNT>
    <SALE>No</SALE>
    <CATEGORY>SmartWatch</CATEGORY>
    <PRODCONDITION>New</PRODCONDITION>
  </SmartWatch>
  <SmartWatch>
    <id>48</id>
    <image>images\smartwatches\wingtech.JPG</image>
    <name>Wingtech</name>
    <price>280.0</price>
    <retailer>Wingtech</retailer>
    <manufacturer>Wingtech</manufacturer>
    <MANUFACTURER_REBATE>10.0</MANUFACTURER_REBATE>
    <QUANTITY>6</QUANTITY>
    <RETAILER_DISCOUNT>10.0</RETAILER_DISCOUNT>
    <SALE>Yes</SALE>
    <CATEGORY>SmartWatch</CATEGORY>
    <PRODCONDITION>Old</PRODCONDITION>
  </SmartWatch>
  <SmartWatch>
    <id>39</id>
    <image>images\smartwatches\apple.JPG</image>
    <name>Apple</name>
    <price>350.0</price>
    <retailer>Apple</retailer>
    <manufacturer>Apple</manufacturer>
    <MANUFACTURER_REBATE>10.0</MANUFACTURER_REBATE>
    <QUANTITY>4</QUANTITY>
    <RETAILER_DISCOUNT>0.0</RETAILER_DISCOUNT>
    <SALE>Yes</SALE>
    <CATEGORY>SmartWatch</CATEGORY>
    <PRODCONDITION>New</PRODCONDITION>
  </SmartWatch>
  <SmartWatch>
    <id>40</id>
    <image>images\smartwatches\fitbit.JPG</image>
    <name>Fitbit</name>
    <price>250.0</price>
    <retailer>Smart Portables</retailer>
    <manufacturer>Smart Portables</manufacturer>
    <MANUFACTURER_REBATE>10.0</MANUFACTURER_REBATE>
    <QUANTITY>8</QUANTITY>
    <RETAILER_DISCOUNT>0.0</RETAILER_DISCOUNT>
    <SALE>No</SALE>
    <CATEGORY>SmartWatch</CATEGORY>
    <PRODCONDITION>New</PRODCONDITION>
  </SmartWatch>
  <SmartWatch>
    <id>41</id>
    <image>images\smartwatches\garmin.JPG</image>
    <name>Garmin</name>
    <price>150.0</price>
    <retailer>Garmin</retailer>
    <manufacturer>Garmin</manufacturer>
    <MANUFACTURER_REBATE>0.0</MANUFACTURER_REBATE>
    <QUANTITY>2</QUANTITY>
    <RETAILER_DISCOUNT>10.0</RETAILER_DISCOUNT>
    <SALE>No</SALE>
    <CATEGORY>SmartWatch</CATEGORY>
    <PRODCONDITION>Old</PRODCONDITION>
  </SmartWatch>
  <SmartWatch>
    <id>42</id>
    <image>images\smartwatches\samsung.JPG</image>
    <name>Samsung Gear</name>
    <price>280.0</price>
    <retailer>Samsung</retailer>
    <manufacturer>Samsung</manufacturer>
    <MANUFACTURER_REBATE>20.0</MANUFACTURER_REBATE>
    <QUANTITY>10</QUANTITY>
    <RETAILER_DISCOUNT>0.0</RETAILER_DISCOUNT>
    <SALE>Yes</SALE>
    <CATEGORY>SmartWatch</CATEGORY>
    <PRODCONDITION>New</PRODCONDITION>
  </SmartWatch>
  <SmartWatch>
    <id>43</id>
    <image>images\smartwatches\sony.jpg</image>
    <name>Samsung 5</name>
    <price>280.0</price>
    <retailer>Samsung</retailer>
    <manufacturer>Samsung</manufacturer>
    <MANUFACTURER_REBATE>11.0</MANUFACTURER_REBATE>
    <QUANTITY>4</QUANTITY>
    <RETAILER_DISCOUNT>0.0</RETAILER_DISCOUNT>
    <SALE>No</SALE>
    <CATEGORY>SmartWatch</CATEGORY>
    <PRODCONDITION>Old</PRODCONDITION>
  </SmartWatch>
</ProductCatalog>
