<?xml version="1.0" encoding="UTF-8"?>
<ProductCatalog>
    <speakers>
		<id>49</id>
		<name>JBL</name>
		<retailer>JBL</retailer>
        <image>images\speakers\jbl.JPG</image>        
        <condition>10%</condition>
        <price>79</price>   
		<manufacturer>JBL</manufacturer>
		<RETAILER_DISCOUNT>0</RETAILER_DISCOUNT>
		<MANUFACTURER_REBATE>5</MANUFACTURER_REBATE>
		<QUANTITY>1</QUANTITY>
		<CATEGORY>Speaker</CATEGORY>
		<PRODCONDITION>New</PRODCONDITION>
		<SALE>Yes</SALE>
    </speakers>
	<speakers>
		<id>50</id>
		<name>DOSS</name>
		<retailer>DOSS</retailer>
        <image>images\speakers\doss.JPG</image>        
        <condition>-</condition>
        <price>100</price>    
		<manufacturer>DOSS</manufacturer>
		<RETAILER_DISCOUNT>0</RETAILER_DISCOUNT>
		<MANUFACTURER_REBATE>5</MANUFACTURER_REBATE>
		<QUANTITY>10</QUANTITY>
		<CATEGORY>Speaker</CATEGORY>
		<PRODCONDITION>New</PRODCONDITION>
		<SALE>No</SALE>
    </speakers>
	<speakers>
		<id>51</id>
		<name>Anker</name>
		<retailer>Anker</retailer>
        <image>images\speakers\anker.JPG</image>        
        <condition>25%</condition>
        <price>50</price>    
		<manufacturer>Anker</manufacturer>
		<RETAILER_DISCOUNT>0</RETAILER_DISCOUNT>
		<MANUFACTURER_REBATE>5</MANUFACTURER_REBATE>
		<QUANTITY>5</QUANTITY>
		<CATEGORY>Speaker</CATEGORY>
		<PRODCONDITION>Old</PRODCONDITION>
		<SALE>Yes</SALE>
    </speakers>
	<speakers>
		<id>52</id>
		<name>Bose</name>
		<retailer>Bose</retailer>
        <image>images\speakers\bose.JPG</image>        
        <condition>10%</condition>
        <price>130</price>  
		<manufacturer>Bose</manufacturer>
		<RETAILER_DISCOUNT>0</RETAILER_DISCOUNT>
		<MANUFACTURER_REBATE>5</MANUFACTURER_REBATE>
		<QUANTITY>1</QUANTITY>
		<CATEGORY>Speaker</CATEGORY>
		<PRODCONDITION>New</PRODCONDITION>
		<SALE>Yes</SALE>
    </speakers>
	<speakers>
		<id>53</id>
		<name>Dell</name>
		<retailer>Dell</retailer>
        <image>images\speakers\dell.JPG</image>        
        <condition>-</condition>
        <price>45</price>   
		<manufacturer>Dell</manufacturer>
		<RETAILER_DISCOUNT>0</RETAILER_DISCOUNT>
		<MANUFACTURER_REBATE>5</MANUFACTURER_REBATE>
		<QUANTITY>1</QUANTITY>
		<CATEGORY>Speaker</CATEGORY>
		<PRODCONDITION>Old</PRODCONDITION>
		<SALE>No</SALE>		
    </speakers>
	
	<speakers>
		<id>54</id>
		<name>Logitech</name>
		<retailer>Logitech</retailer>
        <image>images\speakers\logitech.JPG</image>        
        <condition>12%</condition>
        <price>45</price>    
		<manufacturer>Logitech</manufacturer>
		<RETAILER_DISCOUNT>0</RETAILER_DISCOUNT>
		<MANUFACTURER_REBATE>10</MANUFACTURER_REBATE>
		<QUANTITY>10</QUANTITY>
		<CATEGORY>Speaker</CATEGORY>
		<PRODCONDITION>New</PRODCONDITION>
		<SALE>Yes</SALE>
    </speakers>
	
	<speakers>
		<id>55</id>
		<name>Aolyty</name>
		<retailer>Aolyty</retailer>
        <image>images\speakers\aolyty.JPG</image>        
        <condition>12%</condition>
        <price>66</price>  
		<manufacturer>Aolyty</manufacturer>
		<RETAILER_DISCOUNT>0</RETAILER_DISCOUNT>
		<MANUFACTURER_REBATE>5</MANUFACTURER_REBATE>
		<QUANTITY>12</QUANTITY>
		<CATEGORY>Speaker</CATEGORY>
		<PRODCONDITION>Old</PRODCONDITION>
		<SALE>No</SALE>
    </speakers>
	
	<speakers>
		<id>56</id>
		<name>Arion</name>
		<retailer>Arion</retailer>
        <image>images\speakers\arion.JPG</image>        
        <condition>10%</condition>
        <price>46</price> 
		<manufacturer>Arion</manufacturer>
		<RETAILER_DISCOUNT>0</RETAILER_DISCOUNT>
		<MANUFACTURER_REBATE>5</MANUFACTURER_REBATE>
		<QUANTITY>1</QUANTITY>
		<CATEGORY>Speaker</CATEGORY>
		<PRODCONDITION>New</PRODCONDITION>
		<SALE>Yes</SALE>
    </speakers>
	
	<speakers>
		<id>57</id>
		<name>Logitech</name>
		<retailer>Logitech</retailer>
        <image>images\speakers\logitech1.JPG</image>        
        <condition>12%</condition>
        <price>66</price>   
		<manufacturer>Logitech</manufacturer>
		<RETAILER_DISCOUNT>0</RETAILER_DISCOUNT>
		<MANUFACTURER_REBATE>5</MANUFACTURER_REBATE>
		<QUANTITY>1</QUANTITY>
		<CATEGORY>Speaker</CATEGORY>
		<PRODCONDITION>New</PRODCONDITION>
		<SALE>No</SALE>
    </speakers>
	
	<speakers>
		<id>58</id>
		<name>Rockford</name>
		<retailer>Rockford</retailer>
        <image>images\speakers\rockford.JPG</image>        
        <condition>20%</condition>
        <price>66</price>    
		<manufacturer>Rockford</manufacturer>
		<RETAILER_DISCOUNT>0</RETAILER_DISCOUNT>
		<MANUFACTURER_REBATE>5</MANUFACTURER_REBATE>
		<QUANTITY>1</QUANTITY>
		<CATEGORY>Speaker</CATEGORY>
		<PRODCONDITION>Old</PRODCONDITION>
		<SALE>Yes</SALE>
    </speakers>
	
	<speakers>
		<id>59</id>
		<name>Dell 3</name>
		<retailer>Dell</retailer>
        <image>images\speakers\dell.JPG</image>        
        <condition>30%</condition>
        <price>60</price> 
		<manufacturer>Dell</manufacturer>
		<RETAILER_DISCOUNT>0</RETAILER_DISCOUNT>
		<MANUFACTURER_REBATE>5</MANUFACTURER_REBATE>
		<QUANTITY>1</QUANTITY>
		<CATEGORY>Speaker</CATEGORY>
		<PRODCONDITION>New</PRODCONDITION>
		<SALE>Yes</SALE>
    </speakers>
	
</ProductCatalog>